{"cameraMode":{"drawMode":0,"name":"Shaded","section":"Shading Mode"},"sceneLighting":true,"audioPlay":false,"sceneViewState":{"showFog":true,"showMaterialUpdate":false,"showSkybox":true,"showFlares":true,"showImageEffects":true,"showParticleSystems":true},"in2DMode":false,"pivot":{"x":1.4101943969726563,"y":1.98908269405365,"z":-4.639206886291504},"rotation":{"x":-0.08159684389829636,"y":0.7102312445640564,"z":-0.08347824960947037,"w":-0.6942225098609924},"size":2.289318084716797,"orthographic":true}