{"cameraMode":{"drawMode":0,"name":"Shaded","section":"Shading Mode"},"sceneLighting":false,"audioPlay":false,"sceneViewState":{"showFog":true,"showMaterialUpdate":false,"showSkybox":false,"showFlares":true,"showImageEffects":true,"showParticleSystems":true},"in2DMode":false,"pivot":{"x":0.03989999741315842,"y":1.0781660079956055,"z":-6.255064964294434},"rotation":{"x":-0.12555207312107087,"y":0.874382495880127,"z":-0.33713027834892275,"w":-0.3256305754184723},"size":0.45595040917396548,"orthographic":true}