{"cameraMode":{"drawMode":0,"name":"Shaded","section":"Shading Mode"},"sceneLighting":true,"audioPlay":false,"sceneViewState":{"showFog":true,"showMaterialUpdate":false,"showSkybox":true,"showFlares":true,"showImageEffects":true,"showParticleSystems":true},"in2DMode":false,"pivot":{"x":-1.3850243091583253,"y":0.08694623410701752,"z":-3.4886057376861574},"rotation":{"x":-0.209946408867836,"y":0.68831467628479,"z":-0.2193484604358673,"w":-0.6588108539581299},"size":3.53277587890625,"orthographic":true}