{"cameraMode":{"drawMode":0,"name":"Shaded","section":"Shading Mode"},"sceneLighting":true,"audioPlay":false,"sceneViewState":{"showFog":true,"showMaterialUpdate":false,"showSkybox":true,"showFlares":true,"showImageEffects":true,"showParticleSystems":true},"in2DMode":false,"pivot":{"x":-0.0002906322479248047,"y":0.5082772970199585,"z":-2.2353546619415285},"rotation":{"x":0.08191512525081635,"y":-0.7646507620811462,"z":0.09919080138206482,"w":0.6314747929573059},"size":4.878730773925781,"orthographic":true}