{"cameraMode":{"drawMode":0,"name":"Shaded","section":"Shading Mode"},"sceneLighting":true,"audioPlay":false,"sceneViewState":{"showFog":true,"showMaterialUpdate":false,"showSkybox":true,"showFlares":true,"showImageEffects":true,"showParticleSystems":true},"in2DMode":false,"pivot":{"x":-1.430962324142456,"y":0.2598302960395813,"z":-4.162112236022949},"rotation":{"x":-0.12990814447402955,"y":0.6976792812347412,"z":-0.13092485070228578,"w":-0.6922616958618164},"size":2.1889150142669679,"orthographic":true}