{"cameraMode":{"drawMode":0,"name":"Shaded","section":"Shading Mode"},"sceneLighting":true,"audioPlay":false,"sceneViewState":{"showFog":true,"showMaterialUpdate":false,"showSkybox":true,"showFlares":true,"showImageEffects":true,"showParticleSystems":true},"in2DMode":false,"pivot":{"x":0.6048564314842224,"y":0.49764180183410647,"z":0.6819494962692261},"rotation":{"x":0.13395024836063386,"y":0.025267375633120538,"z":-0.003416396677494049,"w":0.9906600117683411},"size":14.068743705749512,"orthographic":true}