{"cameraMode":{"drawMode":0,"name":"Shaded","section":"Shading Mode"},"sceneLighting":true,"audioPlay":false,"sceneViewState":{"showFog":true,"showMaterialUpdate":false,"showSkybox":true,"showFlares":true,"showImageEffects":true,"showParticleSystems":true},"in2DMode":false,"pivot":{"x":1.6436848640441895,"y":0.14150464534759522,"z":0.4959663152694702},"rotation":{"x":-0.028818389400839807,"y":0.7018471360206604,"z":-0.02844037301838398,"w":-0.7111759781837463},"size":0.9955939650535584,"orthographic":true}