{"cameraMode":{"drawMode":0,"name":"Shaded","section":"Shading Mode"},"sceneLighting":true,"audioPlay":false,"sceneViewState":{"showFog":true,"showMaterialUpdate":false,"showSkybox":true,"showFlares":true,"showImageEffects":true,"showParticleSystems":true},"in2DMode":false,"pivot":{"x":-1.750585913658142,"y":0.28055769205093386,"z":-5.160696983337402},"rotation":{"x":-0.13216690719127656,"y":0.8306646347045898,"z":-0.2227545976638794,"w":-0.49285757541656496},"size":2.5591917037963869,"orthographic":true}