{"cameraMode":{"drawMode":0,"name":"Shaded","section":"Shading Mode"},"sceneLighting":true,"audioPlay":false,"sceneViewState":{"showFog":true,"showMaterialUpdate":false,"showSkybox":true,"showFlares":true,"showImageEffects":true,"showParticleSystems":true},"in2DMode":false,"pivot":{"x":0.5777097940444946,"y":2.383899211883545,"z":-5.318068504333496},"rotation":{"x":-0.2240218073129654,"y":0.7752172350883484,"z":-0.39769279956817629,"w":-0.4366840124130249},"size":1.6687228679656983,"orthographic":true}