{"cameraMode":{"drawMode":0,"name":"Shaded","section":"Shading Mode"},"sceneLighting":true,"audioPlay":false,"sceneViewState":{"showFog":true,"showMaterialUpdate":false,"showSkybox":true,"showFlares":true,"showImageEffects":true,"showParticleSystems":true},"in2DMode":false,"pivot":{"x":-0.3366243839263916,"y":0.9874066114425659,"z":-4.473114013671875},"rotation":{"x":-0.1532190591096878,"y":0.7502505779266357,"z":-0.1867830753326416,"w":-0.615435004234314},"size":2.4166295528411867,"orthographic":true}