{"cameraMode":{"drawMode":0,"name":"Shaded","section":"Shading Mode"},"sceneLighting":true,"audioPlay":false,"sceneViewState":{"showFog":true,"showMaterialUpdate":false,"showSkybox":true,"showFlares":true,"showImageEffects":true,"showParticleSystems":true},"in2DMode":false,"pivot":{"x":2.058539628982544,"y":0.8326517939567566,"z":-3.529343605041504},"rotation":{"x":-0.1592601239681244,"y":-0.33996543288230898,"z":0.05853239446878433,"w":-0.9250047206878662},"size":50.561283111572269,"orthographic":false}