{"cameraMode":{"drawMode":0,"name":"Shaded","section":"Shading Mode"},"sceneLighting":true,"audioPlay":false,"sceneViewState":{"showFog":true,"showMaterialUpdate":false,"showSkybox":true,"showFlares":true,"showImageEffects":true,"showParticleSystems":true},"in2DMode":false,"pivot":{"x":-0.74314284324646,"y":-0.2109358310699463,"z":-0.9782158732414246},"rotation":{"x":-0.018264900892972947,"y":0.9718111157417297,"z":-0.2208901047706604,"w":-0.08035679906606674},"size":6.773878574371338,"orthographic":true}