{"cameraMode":{"drawMode":0,"name":"Shaded","section":"Shading Mode"},"sceneLighting":false,"audioPlay":false,"sceneViewState":{"showFog":true,"showMaterialUpdate":false,"showSkybox":false,"showFlares":true,"showImageEffects":true,"showParticleSystems":true},"in2DMode":false,"pivot":{"x":0.04540571570396423,"y":1.1641267538070679,"z":-4.811982154846191},"rotation":{"x":0.0996512845158577,"y":0.7841371893882752,"z":-0.13056966662406922,"w":0.5984565019607544},"size":0.47181400656700137,"orthographic":false}